{"cameraMode":{"drawMode":0,"name":"Shaded","section":"Shading Mode"},"sceneLighting":false,"audioPlay":false,"sceneViewState":{"showFog":true,"showMaterialUpdate":false,"showSkybox":false,"showFlares":true,"showImageEffects":true,"showParticleSystems":true},"in2DMode":false,"pivot":{"x":-9.619270324707032,"y":-1.7884082794189454,"z":11.659626007080079},"rotation":{"x":0.19067145884037019,"y":0.10379976034164429,"z":-0.020201390609145166,"w":0.9760658144950867},"size":52.530662536621097,"orthographic":false}