{"cameraMode":{"drawMode":0,"name":"Shaded","section":"Shading Mode"},"sceneLighting":false,"audioPlay":false,"sceneViewState":{"showFog":true,"showMaterialUpdate":false,"showSkybox":false,"showFlares":true,"showImageEffects":true,"showParticleSystems":true},"in2DMode":false,"pivot":{"x":0.09987258911132813,"y":20.203311920166017,"z":0.10474491119384766},"rotation":{"x":-0.07054929435253144,"y":0.7822911739349365,"z":-0.08851368725299835,"w":-0.6128105521202087},"size":98.32564544677735,"orthographic":false}